Cell_Line,Compound_Name,Concentration,log10_concentration,units,time,cell_count__time0,cell_count__endpoint_ctrl,ctrl_cell_doublings,cell_count__endpoint,rel_cell_count,Viability_Bin,GRvalue,Growth_Inhibition_Bin
Cell_Line_X,Test_Compound01,0.5,-0.3010299956639812,uM,72,4440.5,29663.5,2.74,2476,0.08,Very Low,-0.19,Cytotoxic
Cell_Line_X,Test_Compound01,0.15,-0.8239087409443188,uM,72,4440.5,29663.5,2.74,14181,0.48,Low,0.53,Partial Inhibition
Cell_Line_X,Test_Compound01,0.047,-1.3279021420642825,uM,72,4440.5,29663.5,2.74,27369,0.92,Normal,0.94,No Effect
Cell_Line_X,Test_Compound01,0.015,-1.8239087409443189,uM,72,4440.5,29663.5,2.74,30414,1.02,Normal,1.02,No Effect
Cell_Line_X,Test_Compound02,0.5,-0.3010299956639812,uM,72,4440.5,29663.5,2.74,1715,0.06,Very Low,-0.29,Cytotoxic
Cell_Line_X,Test_Compound02,0.15,-0.8239087409443188,uM,72,4440.5,29663.5,2.74,22091,0.74,Moderate,0.8,Partial Inhibition
Cell_Line_X,Test_Compound02,0.047,-1.3279021420642825,uM,72,4440.5,29663.5,2.74,27069,0.91,Normal,0.93,No Effect
Cell_Line_X,Test_Compound02,0.015,-1.8239087409443189,uM,72,4440.5,29663.5,2.74,29281,0.99,Normal,0.99,No Effect
Cell_Line_X,Test_Compound03,0.5,-0.3010299956639812,uM,72,4440.5,29663.5,2.74,19290,0.65,Moderate,0.71,Partial Inhibition
Cell_Line_X,Test_Compound03,0.15,-0.8239087409443188,uM,72,4440.5,29663.5,2.74,18171,0.61,Moderate,0.67,Partial Inhibition
Cell_Line_X,Test_Compound03,0.047,-1.3279021420642825,uM,72,4440.5,29663.5,2.74,21957,0.74,Moderate,0.79,Partial Inhibition
Cell_Line_X,Test_Compound03,0.015,-1.8239087409443189,uM,72,4440.5,29663.5,2.74,26683,0.9,Normal,0.92,No Effect
Cell_Line_X,Test_Compound04,0.5,-0.3010299956639812,uM,72,4440.5,29663.5,2.74,29161,0.98,Normal,0.99,No Effect
Cell_Line_X,Test_Compound04,0.15,-0.8239087409443188,uM,72,4440.5,29663.5,2.74,29303,0.99,Normal,0.99,No Effect
Cell_Line_X,Test_Compound04,0.047,-1.3279021420642825,uM,72,4440.5,29663.5,2.74,28566,0.96,Normal,0.97,No Effect
Cell_Line_X,Test_Compound04,0.015,-1.8239087409443189,uM,72,4440.5,29663.5,2.74,29429,0.99,Normal,0.99,No Effect
Cell_Line_X,Test_Compound05,0.5,-0.3010299956639812,uM,72,4440.5,29663.5,2.74,1306,0.04,Very Low,-0.36,Cytotoxic
Cell_Line_X,Test_Compound05,0.15,-0.8239087409443188,uM,72,4440.5,29663.5,2.74,16964,0.57,Moderate,0.63,Partial Inhibition
Cell_Line_X,Test_Compound05,0.047,-1.3279021420642825,uM,72,4440.5,29663.5,2.74,27693,0.93,Normal,0.95,No Effect
Cell_Line_X,Test_Compound05,0.015,-1.8239087409443189,uM,72,4440.5,29663.5,2.74,30110,1.01,Normal,1.01,No Effect
Cell_Line_X,Test_Compound06,0.5,-0.3010299956639812,uM,72,4440.5,29663.5,2.74,1168,0.04,Very Low,-0.39,Cytotoxic
Cell_Line_X,Test_Compound06,0.15,-0.8239087409443188,uM,72,4440.5,29663.5,2.74,714,0.02,Very Low,-0.49,Cytotoxic
Cell_Line_X,Test_Compound06,0.047,-1.3279021420642825,uM,72,4440.5,29663.5,2.74,812,0.03,Very Low,-0.46,Cytotoxic
Cell_Line_X,Test_Compound06,0.015,-1.8239087409443189,uM,72,4440.5,29663.5,2.74,1115,0.04,Very Low,-0.4,Cytotoxic
Cell_Line_X,Test_Compound07,0.5,-0.3010299956639812,uM,72,4440.5,29663.5,2.74,1597,0.05,Very Low,-0.31,Cytotoxic
Cell_Line_X,Test_Compound07,0.15,-0.8239087409443188,uM,72,4440.5,29663.5,2.74,9022,0.3,Low,0.3,Strong Inhibition
Cell_Line_X,Test_Compound07,0.047,-1.3279021420642825,uM,72,4440.5,29663.5,2.74,27812,0.94,Normal,0.95,No Effect
Cell_Line_X,Test_Compound07,0.015,-1.8239087409443189,uM,72,4440.5,29663.5,2.74,28899,0.97,Normal,0.98,No Effect
Cell_Line_X,Test_Compound08,0.5,-0.3010299956639812,uM,72,4440.5,29663.5,2.74,26329,0.89,Normal,0.92,No Effect
Cell_Line_X,Test_Compound08,0.15,-0.8239087409443188,uM,72,4440.5,29663.5,2.74,28547,0.96,Normal,0.97,No Effect
Cell_Line_X,Test_Compound08,0.047,-1.3279021420642825,uM,72,4440.5,29663.5,2.74,28957,0.98,Normal,0.98,No Effect
Cell_Line_X,Test_Compound08,0.015,-1.8239087409443189,uM,72,4440.5,29663.5,2.74,28997,0.98,Normal,0.98,No Effect
Cell_Line_X,Test_Compound09,0.5,-0.3010299956639812,uM,72,4440.5,29663.5,2.74,21527,0.73,Moderate,0.78,Partial Inhibition
Cell_Line_X,Test_Compound09,0.15,-0.8239087409443188,uM,72,4440.5,29663.5,2.74,29523,1,Normal,1,No Effect
Cell_Line_X,Test_Compound09,0.047,-1.3279021420642825,uM,72,4440.5,29663.5,2.74,29924,1.01,Normal,1.01,No Effect
Cell_Line_X,Test_Compound09,0.015,-1.8239087409443189,uM,72,4440.5,29663.5,2.74,30986,1.04,Normal,1.03,No Effect
Cell_Line_X,Test_Compound10,0.5,-0.3010299956639812,uM,72,4440.5,29663.5,2.74,26731,0.9,Normal,0.92,No Effect
Cell_Line_X,Test_Compound10,0.15,-0.8239087409443188,uM,72,4440.5,29663.5,2.74,27247,0.92,Normal,0.94,No Effect
Cell_Line_X,Test_Compound10,0.047,-1.3279021420642825,uM,72,4440.5,29663.5,2.74,28157,0.95,Normal,0.96,No Effect
Cell_Line_X,Test_Compound10,0.015,-1.8239087409443189,uM,72,4440.5,29663.5,2.74,28846,0.97,Normal,0.98,No Effect
Cell_Line_X,Test_Compound11,0.5,-0.3010299956639812,uM,72,4440.5,29663.5,2.74,1197,0.04,Very Low,-0.38,Cytotoxic
Cell_Line_X,Test_Compound11,0.15,-0.8239087409443188,uM,72,4440.5,29663.5,2.74,1818,0.06,Very Low,-0.28,Cytotoxic
Cell_Line_X,Test_Compound11,0.047,-1.3279021420642825,uM,72,4440.5,29663.5,2.74,4150,0.14,Very Low,-0.02,Cytotoxic
Cell_Line_X,Test_Compound11,0.015,-1.8239087409443189,uM,72,4440.5,29663.5,2.74,8703,0.29,Very Low,0.28,Strong Inhibition
Cell_Line_X,Test_Compound12,0.5,-0.3010299956639812,uM,72,4440.5,29663.5,2.74,1326,0.04,Very Low,-0.36,Cytotoxic
Cell_Line_X,Test_Compound12,0.15,-0.8239087409443188,uM,72,4440.5,29663.5,2.74,120,0,Very Low,-0.73,Cytotoxic
Cell_Line_X,Test_Compound12,0.047,-1.3279021420642825,uM,72,4440.5,29663.5,2.74,1064,0.04,Very Low,-0.41,Cytotoxic
Cell_Line_X,Test_Compound12,0.015,-1.8239087409443189,uM,72,4440.5,29663.5,2.74,1887,0.06,Very Low,-0.27,Cytotoxic
Cell_Line_X,Test_Compound13,0.5,-0.3010299956639812,uM,72,4440.5,29663.5,2.74,23882,0.8,Normal,0.85,Partial Inhibition
Cell_Line_X,Test_Compound13,0.15,-0.8239087409443188,uM,72,4440.5,29663.5,2.74,31140,1.05,Normal,1.04,No Effect
Cell_Line_X,Test_Compound13,0.047,-1.3279021420642825,uM,72,4440.5,29663.5,2.74,29520,1,Normal,1,No Effect
Cell_Line_X,Test_Compound13,0.015,-1.8239087409443189,uM,72,4440.5,29663.5,2.74,31047,1.05,Normal,1.03,No Effect
Cell_Line_X,Test_Compound14,0.5,-0.3010299956639812,uM,72,4440.5,29663.5,2.74,30187,1.02,Normal,1.01,No Effect
Cell_Line_X,Test_Compound14,0.15,-0.8239087409443188,uM,72,4440.5,29663.5,2.74,29195,0.98,Normal,0.99,No Effect
Cell_Line_X,Test_Compound14,0.047,-1.3279021420642825,uM,72,4440.5,29663.5,2.74,29170,0.98,Normal,0.99,No Effect
Cell_Line_X,Test_Compound14,0.015,-1.8239087409443189,uM,72,4440.5,29663.5,2.74,30331,1.02,Normal,1.02,No Effect
Cell_Line_X,Test_Compound15,0.5,-0.3010299956639812,uM,72,4440.5,29663.5,2.74,25962,0.88,Normal,0.9,No Effect
Cell_Line_X,Test_Compound15,0.15,-0.8239087409443188,uM,72,4440.5,29663.5,2.74,28775,0.97,Normal,0.98,No Effect
Cell_Line_X,Test_Compound15,0.047,-1.3279021420642825,uM,72,4440.5,29663.5,2.74,33094,1.12,Normal,1.08,No Effect
Cell_Line_X,Test_Compound15,0.015,-1.8239087409443189,uM,72,4440.5,29663.5,2.74,30700,1.03,Normal,1.02,No Effect
Cell_Line_X,Test_Compound16,0.5,-0.3010299956639812,uM,72,4440.5,29663.5,2.74,13626,0.46,Low,0.51,Partial Inhibition
Cell_Line_X,Test_Compound16,0.15,-0.8239087409443188,uM,72,4440.5,29663.5,2.74,25921,0.87,Normal,0.9,No Effect
Cell_Line_X,Test_Compound16,0.047,-1.3279021420642825,uM,72,4440.5,29663.5,2.74,29056,0.98,Normal,0.98,No Effect
Cell_Line_X,Test_Compound16,0.015,-1.8239087409443189,uM,72,4440.5,29663.5,2.74,30240,1.02,Normal,1.01,No Effect
Cell_Line_X,Test_Compound17,0.5,-0.3010299956639812,uM,72,4440.5,29663.5,2.74,25615,0.86,Normal,0.9,Partial Inhibition
Cell_Line_X,Test_Compound17,0.15,-0.8239087409443188,uM,72,4440.5,29663.5,2.74,28165,0.95,Normal,0.96,No Effect
Cell_Line_X,Test_Compound17,0.047,-1.3279021420642825,uM,72,4440.5,29663.5,2.74,29218,0.98,Normal,0.99,No Effect
Cell_Line_X,Test_Compound17,0.015,-1.8239087409443189,uM,72,4440.5,29663.5,2.74,30361,1.02,Normal,1.02,No Effect
Cell_Line_X,Test_Compound18,0.5,-0.3010299956639812,uM,72,4440.5,29663.5,2.74,1273,0.04,Very Low,-0.37,Cytotoxic
Cell_Line_X,Test_Compound18,0.15,-0.8239087409443188,uM,72,4440.5,29663.5,2.74,2151,0.07,Very Low,-0.23,Cytotoxic
Cell_Line_X,Test_Compound18,0.047,-1.3279021420642825,uM,72,4440.5,29663.5,2.74,15423,0.52,Moderate,0.58,Partial Inhibition
Cell_Line_X,Test_Compound18,0.015,-1.8239087409443189,uM,72,4440.5,29663.5,2.74,29645,1,Normal,1,No Effect
Cell_Line_X,Test_Compound19,0.5,-0.3010299956639812,uM,72,4440.5,29663.5,2.74,29414,0.99,Normal,0.99,No Effect
Cell_Line_X,Test_Compound19,0.15,-0.8239087409443188,uM,72,4440.5,29663.5,2.74,28915,0.98,Normal,0.98,No Effect
Cell_Line_X,Test_Compound19,0.047,-1.3279021420642825,uM,72,4440.5,29663.5,2.74,29267,0.99,Normal,0.99,No Effect
Cell_Line_X,Test_Compound19,0.015,-1.8239087409443189,uM,72,4440.5,29663.5,2.74,30467,1.03,Normal,1.02,No Effect
Cell_Line_X,Test_Compound20,0.5,-0.3010299956639812,uM,72,4440.5,29663.5,2.74,1175,0.04,Very Low,-0.38,Cytotoxic
Cell_Line_X,Test_Compound20,0.15,-0.8239087409443188,uM,72,4440.5,29663.5,2.74,13546,0.46,Low,0.5,Partial Inhibition
Cell_Line_X,Test_Compound20,0.047,-1.3279021420642825,uM,72,4440.5,29663.5,2.74,28745,0.97,Normal,0.98,No Effect
Cell_Line_X,Test_Compound20,0.015,-1.8239087409443189,uM,72,4440.5,29663.5,2.74,31883,1.07,Normal,1.05,No Effect
Cell_Line_X,Test_Compound21,0.5,-0.3010299956639812,uM,72,4440.5,29663.5,2.74,29146,0.98,Normal,0.99,No Effect
Cell_Line_X,Test_Compound21,0.15,-0.8239087409443188,uM,72,4440.5,29663.5,2.74,30081,1.01,Normal,1.01,No Effect
Cell_Line_X,Test_Compound21,0.047,-1.3279021420642825,uM,72,4440.5,29663.5,2.74,29171,0.98,Normal,0.99,No Effect
Cell_Line_X,Test_Compound21,0.015,-1.8239087409443189,uM,72,4440.5,29663.5,2.74,29729,1,Normal,1,No Effect
Cell_Line_X,Test_Compound22,0.5,-0.3010299956639812,uM,72,4440.5,29663.5,2.74,23196,0.78,Moderate,0.83,Partial Inhibition
Cell_Line_X,Test_Compound22,0.15,-0.8239087409443188,uM,72,4440.5,29663.5,2.74,24041,0.81,Normal,0.85,Partial Inhibition
Cell_Line_X,Test_Compound22,0.047,-1.3279021420642825,uM,72,4440.5,29663.5,2.74,27413,0.92,Normal,0.94,No Effect
Cell_Line_X,Test_Compound22,0.015,-1.8239087409443189,uM,72,4440.5,29663.5,2.74,28111,0.95,Normal,0.96,No Effect
Cell_Line_X,Test_Compound23,0.5,-0.3010299956639812,uM,72,4440.5,29663.5,2.74,29028,0.98,Normal,0.98,No Effect
Cell_Line_X,Test_Compound23,0.15,-0.8239087409443188,uM,72,4440.5,29663.5,2.74,29067,0.98,Normal,0.98,No Effect
Cell_Line_X,Test_Compound23,0.047,-1.3279021420642825,uM,72,4440.5,29663.5,2.74,29197,0.98,Normal,0.99,No Effect
Cell_Line_X,Test_Compound23,0.015,-1.8239087409443189,uM,72,4440.5,29663.5,2.74,28755,0.97,Normal,0.98,No Effect
Cell_Line_X,Test_Compound24,0.5,-0.3010299956639812,uM,72,4440.5,29663.5,2.74,1328,0.04,Very Low,-0.36,Cytotoxic
Cell_Line_X,Test_Compound24,0.15,-0.8239087409443188,uM,72,4440.5,29663.5,2.74,615,0.02,Very Low,-0.51,Cytotoxic
Cell_Line_X,Test_Compound24,0.047,-1.3279021420642825,uM,72,4440.5,29663.5,2.74,8150,0.28,Very Low,0.25,Strong Inhibition
Cell_Line_X,Test_Compound24,0.015,-1.8239087409443189,uM,72,4440.5,29663.5,2.74,14570,0.49,Low,0.54,Partial Inhibition
Cell_Line_X,Test_Compound25,0.5,-0.3010299956639812,uM,72,4440.5,29663.5,2.74,5260,0.18,Very Low,0.06,Strong Inhibition
Cell_Line_X,Test_Compound25,0.15,-0.8239087409443188,uM,72,4440.5,29663.5,2.74,22221,0.75,Moderate,0.8,Partial Inhibition
Cell_Line_X,Test_Compound25,0.047,-1.3279021420642825,uM,72,4440.5,29663.5,2.74,29924,1.01,Normal,1.01,No Effect
Cell_Line_X,Test_Compound25,0.015,-1.8239087409443189,uM,72,4440.5,29663.5,2.74,30719,1.04,Normal,1.03,No Effect
Cell_Line_X,Test_Compound26,0.5,-0.3010299956639812,uM,72,4440.5,29663.5,2.74,26822,0.9,Normal,0.93,No Effect
Cell_Line_X,Test_Compound26,0.15,-0.8239087409443188,uM,72,4440.5,29663.5,2.74,30406,1.02,Normal,1.02,No Effect
Cell_Line_X,Test_Compound26,0.047,-1.3279021420642825,uM,72,4440.5,29663.5,2.74,31314,1.06,Normal,1.04,No Effect
Cell_Line_X,Test_Compound26,0.015,-1.8239087409443189,uM,72,4440.5,29663.5,2.74,30867,1.04,Normal,1.03,No Effect
Cell_Line_X,Test_Compound27,0.5,-0.3010299956639812,uM,72,4440.5,29663.5,2.74,20501,0.69,Moderate,0.75,Partial Inhibition
Cell_Line_X,Test_Compound27,0.15,-0.8239087409443188,uM,72,4440.5,29663.5,2.74,27338,0.92,Normal,0.94,No Effect
Cell_Line_X,Test_Compound27,0.047,-1.3279021420642825,uM,72,4440.5,29663.5,2.74,27448,0.92,Normal,0.94,No Effect
Cell_Line_X,Test_Compound27,0.015,-1.8239087409443189,uM,72,4440.5,29663.5,2.74,27837,0.94,Normal,0.95,No Effect
Cell_Line_X,Test_Compound28,0.5,-0.3010299956639812,uM,72,4440.5,29663.5,2.74,17781,0.6,Moderate,0.66,Partial Inhibition
Cell_Line_X,Test_Compound28,0.15,-0.8239087409443188,uM,72,4440.5,29663.5,2.74,23191,0.78,Moderate,0.83,Partial Inhibition
Cell_Line_X,Test_Compound28,0.047,-1.3279021420642825,uM,72,4440.5,29663.5,2.74,30190,1.02,Normal,1.01,No Effect
Cell_Line_X,Test_Compound28,0.015,-1.8239087409443189,uM,72,4440.5,29663.5,2.74,21433,0.72,Moderate,0.78,Partial Inhibition
Cell_Line_X,Test_Compound29,0.5,-0.3010299956639812,uM,72,4440.5,29663.5,2.74,24449,0.82,Normal,0.86,Partial Inhibition
Cell_Line_X,Test_Compound29,0.15,-0.8239087409443188,uM,72,4440.5,29663.5,2.74,23065,0.78,Moderate,0.82,Partial Inhibition
Cell_Line_X,Test_Compound29,0.047,-1.3279021420642825,uM,72,4440.5,29663.5,2.74,24367,0.82,Normal,0.86,Partial Inhibition
Cell_Line_X,Test_Compound29,0.015,-1.8239087409443189,uM,72,4440.5,29663.5,2.74,26148,0.88,Normal,0.91,No Effect
Cell_Line_X,Test_Compound30,0.5,-0.3010299956639812,uM,72,4440.5,29663.5,2.74,25327,0.85,Normal,0.89,Partial Inhibition
Cell_Line_X,Test_Compound30,0.15,-0.8239087409443188,uM,72,4440.5,29663.5,2.74,27846,0.94,Normal,0.95,No Effect
Cell_Line_X,Test_Compound30,0.047,-1.3279021420642825,uM,72,4440.5,29663.5,2.74,28111,0.95,Normal,0.96,No Effect
Cell_Line_X,Test_Compound30,0.015,-1.8239087409443189,uM,72,4440.5,29663.5,2.74,29169,0.98,Normal,0.99,No Effect
Cell_Line_X,Test_Compound31,0.5,-0.3010299956639812,uM,72,4440.5,29663.5,2.74,18188,0.61,Moderate,0.67,Partial Inhibition
Cell_Line_X,Test_Compound31,0.15,-0.8239087409443188,uM,72,4440.5,29663.5,2.74,20234,0.68,Moderate,0.74,Partial Inhibition
Cell_Line_X,Test_Compound31,0.047,-1.3279021420642825,uM,72,4440.5,29663.5,2.74,23214,0.78,Moderate,0.83,Partial Inhibition
Cell_Line_X,Test_Compound31,0.015,-1.8239087409443189,uM,72,4440.5,29663.5,2.74,28133,0.95,Normal,0.96,No Effect
Cell_Line_X,Test_Compound32,0.5,-0.3010299956639812,uM,72,4440.5,29663.5,2.74,31087,1.05,Normal,1.03,No Effect
Cell_Line_X,Test_Compound32,0.15,-0.8239087409443188,uM,72,4440.5,29663.5,2.74,31420,1.06,Normal,1.04,No Effect
Cell_Line_X,Test_Compound32,0.047,-1.3279021420642825,uM,72,4440.5,29663.5,2.74,29527,1,Normal,1,No Effect
Cell_Line_X,Test_Compound32,0.015,-1.8239087409443189,uM,72,4440.5,29663.5,2.74,30951,1.04,Normal,1.03,No Effect
Cell_Line_X,Test_Compound33,0.5,-0.3010299956639812,uM,72,4440.5,29663.5,2.74,858,0.03,Very Low,-0.45,Cytotoxic
Cell_Line_X,Test_Compound33,0.15,-0.8239087409443188,uM,72,4440.5,29663.5,2.74,3188,0.11,Very Low,-0.11,Cytotoxic
Cell_Line_X,Test_Compound33,0.047,-1.3279021420642825,uM,72,4440.5,29663.5,2.74,12952,0.44,Low,0.48,Strong Inhibition
Cell_Line_X,Test_Compound33,0.015,-1.8239087409443189,uM,72,4440.5,29663.5,2.74,21224,0.72,Moderate,0.77,Partial Inhibition
Cell_Line_X,Test_Compound34,0.5,-0.3010299956639812,uM,72,4440.5,29663.5,2.74,5253,0.18,Very Low,0.06,Strong Inhibition
Cell_Line_X,Test_Compound34,0.15,-0.8239087409443188,uM,72,4440.5,29663.5,2.74,22654,0.76,Moderate,0.81,Partial Inhibition
Cell_Line_X,Test_Compound34,0.047,-1.3279021420642825,uM,72,4440.5,29663.5,2.74,26606,0.9,Normal,0.92,No Effect
Cell_Line_X,Test_Compound34,0.015,-1.8239087409443189,uM,72,4440.5,29663.5,2.74,27644,0.93,Normal,0.95,No Effect
Cell_Line_X,Test_Compound35,0.5,-0.3010299956639812,uM,72,4440.5,29663.5,2.74,31380,1.06,Normal,1.04,No Effect
Cell_Line_X,Test_Compound35,0.15,-0.8239087409443188,uM,72,4440.5,29663.5,2.74,30245,1.02,Normal,1.01,No Effect
Cell_Line_X,Test_Compound35,0.047,-1.3279021420642825,uM,72,4440.5,29663.5,2.74,30723,1.04,Normal,1.03,No Effect
Cell_Line_X,Test_Compound35,0.015,-1.8239087409443189,uM,72,4440.5,29663.5,2.74,31168,1.05,Normal,1.04,No Effect
Cell_Line_X,Test_Compound36,0.5,-0.3010299956639812,uM,72,4440.5,29663.5,2.74,630,0.02,Very Low,-0.51,Cytotoxic
Cell_Line_X,Test_Compound36,0.15,-0.8239087409443188,uM,72,4440.5,29663.5,2.74,2256,0.08,Very Low,-0.22,Cytotoxic
Cell_Line_X,Test_Compound36,0.047,-1.3279021420642825,uM,72,4440.5,29663.5,2.74,13564,0.46,Low,0.5,Partial Inhibition
Cell_Line_X,Test_Compound36,0.015,-1.8239087409443189,uM,72,4440.5,29663.5,2.74,22725,0.77,Moderate,0.81,Partial Inhibition
Cell_Line_X,Test_Compound37,0.5,-0.3010299956639812,uM,72,4440.5,29663.5,2.74,15001,0.51,Moderate,0.56,Partial Inhibition
Cell_Line_X,Test_Compound37,0.15,-0.8239087409443188,uM,72,4440.5,29663.5,2.74,21514,0.72,Moderate,0.78,Partial Inhibition
Cell_Line_X,Test_Compound37,0.047,-1.3279021420642825,uM,72,4440.5,29663.5,2.74,28217,0.95,Normal,0.96,No Effect
Cell_Line_X,Test_Compound37,0.015,-1.8239087409443189,uM,72,4440.5,29663.5,2.74,29632,1,Normal,1,No Effect
Cell_Line_X,Test_Compound38,0.5,-0.3010299956639812,uM,72,4440.5,29663.5,2.74,27031,0.91,Normal,0.93,No Effect
Cell_Line_X,Test_Compound38,0.15,-0.8239087409443188,uM,72,4440.5,29663.5,2.74,30150,1.02,Normal,1.01,No Effect
Cell_Line_X,Test_Compound38,0.047,-1.3279021420642825,uM,72,4440.5,29663.5,2.74,30813,1.04,Normal,1.03,No Effect
Cell_Line_X,Test_Compound38,0.015,-1.8239087409443189,uM,72,4440.5,29663.5,2.74,31084,1.05,Normal,1.03,No Effect
Cell_Line_X,Test_Compound39,0.5,-0.3010299956639812,uM,72,4440.5,29663.5,2.74,25796,0.87,Normal,0.9,No Effect
Cell_Line_X,Test_Compound39,0.15,-0.8239087409443188,uM,72,4440.5,29663.5,2.74,29529,1,Normal,1,No Effect
Cell_Line_X,Test_Compound39,0.047,-1.3279021420642825,uM,72,4440.5,29663.5,2.74,32383,1.09,Normal,1.06,No Effect
Cell_Line_X,Test_Compound39,0.015,-1.8239087409443189,uM,72,4440.5,29663.5,2.74,32163,1.08,Normal,1.06,No Effect
Cell_Line_X,Test_Compound40,0.5,-0.3010299956639812,uM,72,4440.5,29663.5,2.74,27115,0.91,Normal,0.94,No Effect
Cell_Line_X,Test_Compound40,0.15,-0.8239087409443188,uM,72,4440.5,29663.5,2.74,31028,1.05,Normal,1.03,No Effect
Cell_Line_X,Test_Compound40,0.047,-1.3279021420642825,uM,72,4440.5,29663.5,2.74,30185,1.02,Normal,1.01,No Effect
Cell_Line_X,Test_Compound40,0.015,-1.8239087409443189,uM,72,4440.5,29663.5,2.74,32818,1.11,Normal,1.07,No Effect
Cell_Line_X,Test_Compound41,0.5,-0.3010299956639812,uM,72,4440.5,29663.5,2.74,28943,0.98,Normal,0.98,No Effect
Cell_Line_X,Test_Compound41,0.15,-0.8239087409443188,uM,72,4440.5,29663.5,2.74,32022,1.08,Normal,1.06,No Effect
Cell_Line_X,Test_Compound41,0.047,-1.3279021420642825,uM,72,4440.5,29663.5,2.74,31355,1.06,Normal,1.04,No Effect
Cell_Line_X,Test_Compound41,0.015,-1.8239087409443189,uM,72,4440.5,29663.5,2.74,30364,1.02,Normal,1.02,No Effect
Cell_Line_X,Test_Compound42,0.5,-0.3010299956639812,uM,72,4440.5,29663.5,2.74,26944,0.91,Normal,0.93,No Effect
Cell_Line_X,Test_Compound42,0.15,-0.8239087409443188,uM,72,4440.5,29663.5,2.74,26229,0.88,Normal,0.91,No Effect
Cell_Line_X,Test_Compound42,0.047,-1.3279021420642825,uM,72,4440.5,29663.5,2.74,27275,0.92,Normal,0.94,No Effect
Cell_Line_X,Test_Compound42,0.015,-1.8239087409443189,uM,72,4440.5,29663.5,2.74,28235,0.95,Normal,0.96,No Effect
Cell_Line_X,Test_Compound43,0.5,-0.3010299956639812,uM,72,4440.5,29663.5,2.74,442,0.01,Very Low,-0.57,Cytotoxic
Cell_Line_X,Test_Compound43,0.15,-0.8239087409443188,uM,72,4440.5,29663.5,2.74,301,0.01,Very Low,-0.63,Cytotoxic
Cell_Line_X,Test_Compound43,0.047,-1.3279021420642825,uM,72,4440.5,29663.5,2.74,3270,0.11,Very Low,-0.11,Cytotoxic
Cell_Line_X,Test_Compound43,0.015,-1.8239087409443189,uM,72,4440.5,29663.5,2.74,9600,0.32,Low,0.32,Strong Inhibition
Cell_Line_X,Test_Compound44,0.5,-0.3010299956639812,uM,72,4440.5,29663.5,2.74,12879,0.43,Low,0.48,Strong Inhibition
Cell_Line_X,Test_Compound44,0.15,-0.8239087409443188,uM,72,4440.5,29663.5,2.74,23758,0.8,Normal,0.84,Partial Inhibition
Cell_Line_X,Test_Compound44,0.047,-1.3279021420642825,uM,72,4440.5,29663.5,2.74,27894,0.94,Normal,0.96,No Effect
Cell_Line_X,Test_Compound44,0.015,-1.8239087409443189,uM,72,4440.5,29663.5,2.74,29012,0.98,Normal,0.98,No Effect
Cell_Line_X,Test_Compound45,0.5,-0.3010299956639812,uM,72,4440.5,29663.5,2.74,12327,0.42,Low,0.45,Strong Inhibition
Cell_Line_X,Test_Compound45,0.15,-0.8239087409443188,uM,72,4440.5,29663.5,2.74,13209,0.44,Low,0.49,Strong Inhibition
Cell_Line_X,Test_Compound45,0.047,-1.3279021420642825,uM,72,4440.5,29663.5,2.74,13309,0.45,Low,0.49,Strong Inhibition
Cell_Line_X,Test_Compound45,0.015,-1.8239087409443189,uM,72,4440.5,29663.5,2.74,13627,0.46,Low,0.51,Partial Inhibition
Cell_Line_X,Test_Compound46,0.5,-0.3010299956639812,uM,72,4440.5,29663.5,2.74,30519,1.03,Normal,1.02,No Effect
Cell_Line_X,Test_Compound46,0.15,-0.8239087409443188,uM,72,4440.5,29663.5,2.74,29913,1.01,Normal,1.01,No Effect
Cell_Line_X,Test_Compound46,0.047,-1.3279021420642825,uM,72,4440.5,29663.5,2.74,30382,1.02,Normal,1.02,No Effect
Cell_Line_X,Test_Compound46,0.015,-1.8239087409443189,uM,72,4440.5,29663.5,2.74,30878,1.04,Normal,1.03,No Effect
Cell_Line_X,Test_Compound47,0.5,-0.3010299956639812,uM,72,4440.5,29663.5,2.74,25134,0.85,Normal,0.88,Partial Inhibition
Cell_Line_X,Test_Compound47,0.15,-0.8239087409443188,uM,72,4440.5,29663.5,2.74,27125,0.91,Normal,0.94,No Effect
Cell_Line_X,Test_Compound47,0.047,-1.3279021420642825,uM,72,4440.5,29663.5,2.74,30480,1.03,Normal,1.02,No Effect
Cell_Line_X,Test_Compound47,0.015,-1.8239087409443189,uM,72,4440.5,29663.5,2.74,30244,1.02,Normal,1.01,No Effect
Cell_Line_X,Test_Compound48,0.5,-0.3010299956639812,uM,72,4440.5,29663.5,2.74,28647,0.97,Normal,0.98,No Effect
Cell_Line_X,Test_Compound48,0.15,-0.8239087409443188,uM,72,4440.5,29663.5,2.74,29330,0.99,Normal,0.99,No Effect
Cell_Line_X,Test_Compound48,0.047,-1.3279021420642825,uM,72,4440.5,29663.5,2.74,30351,1.02,Normal,1.02,No Effect
Cell_Line_X,Test_Compound48,0.015,-1.8239087409443189,uM,72,4440.5,29663.5,2.74,30316,1.02,Normal,1.02,No Effect
Cell_Line_X,Test_Compound49,0.5,-0.3010299956639812,uM,72,4440.5,29663.5,2.74,26548,0.9,Normal,0.92,No Effect
Cell_Line_X,Test_Compound49,0.15,-0.8239087409443188,uM,72,4440.5,29663.5,2.74,27685,0.93,Normal,0.95,No Effect
Cell_Line_X,Test_Compound49,0.047,-1.3279021420642825,uM,72,4440.5,29663.5,2.74,29503,1,Normal,1,No Effect
Cell_Line_X,Test_Compound49,0.015,-1.8239087409443189,uM,72,4440.5,29663.5,2.74,30023,1.01,Normal,1.01,No Effect
Cell_Line_X,Test_Compound50,0.5,-0.3010299956639812,uM,72,4440.5,29663.5,2.74,27911,0.94,Normal,0.96,No Effect
Cell_Line_X,Test_Compound50,0.15,-0.8239087409443188,uM,72,4440.5,29663.5,2.74,28063,0.95,Normal,0.96,No Effect
Cell_Line_X,Test_Compound50,0.047,-1.3279021420642825,uM,72,4440.5,29663.5,2.74,30830,1.04,Normal,1.03,No Effect
Cell_Line_X,Test_Compound50,0.015,-1.8239087409443189,uM,72,4440.5,29663.5,2.74,32028,1.08,Normal,1.06,No Effect
Cell_Line_X,Test_Compound51,0.5,-0.3010299956639812,uM,72,4440.5,29663.5,2.74,32803,1.11,Normal,1.07,No Effect
Cell_Line_X,Test_Compound51,0.15,-0.8239087409443188,uM,72,4440.5,29663.5,2.74,31251,1.05,Normal,1.04,No Effect
Cell_Line_X,Test_Compound51,0.047,-1.3279021420642825,uM,72,4440.5,29663.5,2.74,32797,1.11,Normal,1.07,No Effect
Cell_Line_X,Test_Compound51,0.015,-1.8239087409443189,uM,72,4440.5,29663.5,2.74,32662,1.1,Normal,1.07,No Effect
Cell_Line_X,Test_Compound52,0.5,-0.3010299956639812,uM,72,4440.5,29663.5,2.74,12598,0.42,Low,0.46,Strong Inhibition
Cell_Line_X,Test_Compound52,0.15,-0.8239087409443188,uM,72,4440.5,29663.5,2.74,22119,0.75,Moderate,0.8,Partial Inhibition
Cell_Line_X,Test_Compound52,0.047,-1.3279021420642825,uM,72,4440.5,29663.5,2.74,27604,0.93,Normal,0.95,No Effect
Cell_Line_X,Test_Compound52,0.015,-1.8239087409443189,uM,72,4440.5,29663.5,2.74,28893,0.97,Normal,0.98,No Effect
Cell_Line_X,Test_Compound53,0.5,-0.3010299956639812,uM,72,4440.5,29663.5,2.74,30087,1.01,Normal,1.01,No Effect
Cell_Line_X,Test_Compound53,0.15,-0.8239087409443188,uM,72,4440.5,29663.5,2.74,29227,0.98,Normal,0.99,No Effect
Cell_Line_X,Test_Compound53,0.047,-1.3279021420642825,uM,72,4440.5,29663.5,2.74,29762,1,Normal,1,No Effect
Cell_Line_X,Test_Compound53,0.015,-1.8239087409443189,uM,72,4440.5,29663.5,2.74,29245,0.99,Normal,0.99,No Effect
Cell_Line_X,Test_Compound54,0.5,-0.3010299956639812,uM,72,4440.5,29663.5,2.74,24480,0.82,Normal,0.86,Partial Inhibition
Cell_Line_X,Test_Compound54,0.15,-0.8239087409443188,uM,72,4440.5,29663.5,2.74,28503,0.96,Normal,0.97,No Effect
Cell_Line_X,Test_Compound54,0.047,-1.3279021420642825,uM,72,4440.5,29663.5,2.74,29267,0.99,Normal,0.99,No Effect
Cell_Line_X,Test_Compound54,0.015,-1.8239087409443189,uM,72,4440.5,29663.5,2.74,30969,1.04,Normal,1.03,No Effect
Cell_Line_X,Test_Compound55,0.5,-0.3010299956639812,uM,72,4440.5,29663.5,2.74,946,0.03,Very Low,-0.43,Cytotoxic
Cell_Line_X,Test_Compound55,0.15,-0.8239087409443188,uM,72,4440.5,29663.5,2.74,964,0.03,Very Low,-0.43,Cytotoxic
Cell_Line_X,Test_Compound55,0.047,-1.3279021420642825,uM,72,4440.5,29663.5,2.74,1015,0.03,Very Low,-0.42,Cytotoxic
Cell_Line_X,Test_Compound55,0.015,-1.8239087409443189,uM,72,4440.5,29663.5,2.74,1910,0.06,Very Low,-0.26,Cytotoxic
Cell_Line_X,Test_Compound56,0.5,-0.3010299956639812,uM,72,4440.5,29663.5,2.74,1345,0.04,Very Low,-0.35,Cytotoxic
Cell_Line_X,Test_Compound56,0.15,-0.8239087409443188,uM,72,4440.5,29663.5,2.74,1557,0.05,Very Low,-0.32,Cytotoxic
Cell_Line_X,Test_Compound56,0.047,-1.3279021420642825,uM,72,4440.5,29663.5,2.74,5379,0.18,Very Low,0.07,Strong Inhibition
Cell_Line_X,Test_Compound56,0.015,-1.8239087409443189,uM,72,4440.5,29663.5,2.74,15520,0.52,Moderate,0.58,Partial Inhibition
Cell_Line_X,Test_Compound57,0.5,-0.3010299956639812,uM,72,4440.5,29663.5,2.74,11980,0.4,Low,0.44,Strong Inhibition
Cell_Line_X,Test_Compound57,0.15,-0.8239087409443188,uM,72,4440.5,29663.5,2.74,14692,0.5,Low,0.55,Partial Inhibition
Cell_Line_X,Test_Compound57,0.047,-1.3279021420642825,uM,72,4440.5,29663.5,2.74,16995,0.57,Moderate,0.63,Partial Inhibition
Cell_Line_X,Test_Compound57,0.015,-1.8239087409443189,uM,72,4440.5,29663.5,2.74,19798,0.67,Moderate,0.73,Partial Inhibition
Cell_Line_X,Test_Compound58,0.5,-0.3010299956639812,uM,72,4440.5,29663.5,2.74,2321,0.08,Very Low,-0.21,Cytotoxic
Cell_Line_X,Test_Compound58,0.15,-0.8239087409443188,uM,72,4440.5,29663.5,2.74,11735,0.4,Low,0.43,Strong Inhibition
Cell_Line_X,Test_Compound58,0.047,-1.3279021420642825,uM,72,4440.5,29663.5,2.74,22952,0.77,Moderate,0.82,Partial Inhibition
Cell_Line_X,Test_Compound58,0.015,-1.8239087409443189,uM,72,4440.5,29663.5,2.74,28384,0.96,Normal,0.97,No Effect
Cell_Line_X,Test_Compound59,0.5,-0.3010299956639812,uM,72,4440.5,29663.5,2.74,29651,1,Normal,1,No Effect
Cell_Line_X,Test_Compound59,0.15,-0.8239087409443188,uM,72,4440.5,29663.5,2.74,30743,1.04,Normal,1.03,No Effect
Cell_Line_X,Test_Compound59,0.047,-1.3279021420642825,uM,72,4440.5,29663.5,2.74,31680,1.07,Normal,1.05,No Effect
Cell_Line_X,Test_Compound59,0.015,-1.8239087409443189,uM,72,4440.5,29663.5,2.74,31744,1.07,Normal,1.05,No Effect
Cell_Line_X,Test_Compound60,0.5,-0.3010299956639812,uM,72,4440.5,29663.5,2.74,16949,0.57,Moderate,0.63,Partial Inhibition
Cell_Line_X,Test_Compound60,0.15,-0.8239087409443188,uM,72,4440.5,29663.5,2.74,19264,0.65,Moderate,0.71,Partial Inhibition
Cell_Line_X,Test_Compound60,0.047,-1.3279021420642825,uM,72,4440.5,29663.5,2.74,21208,0.72,Moderate,0.77,Partial Inhibition
Cell_Line_X,Test_Compound60,0.015,-1.8239087409443189,uM,72,4440.5,29663.5,2.74,22473,0.76,Moderate,0.81,Partial Inhibition
Cell_Line_X,Test_Compound61,0.5,-0.3010299956639812,uM,72,4440.5,29663.5,2.74,30877,1.04,Normal,1.03,No Effect
Cell_Line_X,Test_Compound61,0.15,-0.8239087409443188,uM,72,4440.5,29663.5,2.74,30166,1.02,Normal,1.01,No Effect
Cell_Line_X,Test_Compound61,0.047,-1.3279021420642825,uM,72,4440.5,29663.5,2.74,29400,0.99,Normal,0.99,No Effect
Cell_Line_X,Test_Compound61,0.015,-1.8239087409443189,uM,72,4440.5,29663.5,2.74,30856,1.04,Normal,1.03,No Effect
Cell_Line_X,Test_Compound62,0.5,-0.3010299956639812,uM,72,4440.5,29663.5,2.74,28102,0.95,Normal,0.96,No Effect
Cell_Line_X,Test_Compound62,0.15,-0.8239087409443188,uM,72,4440.5,29663.5,2.74,30272,1.02,Normal,1.01,No Effect
Cell_Line_X,Test_Compound62,0.047,-1.3279021420642825,uM,72,4440.5,29663.5,2.74,29747,1,Normal,1,No Effect
Cell_Line_X,Test_Compound62,0.015,-1.8239087409443189,uM,72,4440.5,29663.5,2.74,29308,0.99,Normal,0.99,No Effect
Cell_Line_X,Test_Compound63,0.5,-0.3010299956639812,uM,72,4440.5,29663.5,2.74,24198,0.82,Normal,0.86,Partial Inhibition
Cell_Line_X,Test_Compound63,0.15,-0.8239087409443188,uM,72,4440.5,29663.5,2.74,29151,0.98,Normal,0.99,No Effect
Cell_Line_X,Test_Compound63,0.047,-1.3279021420642825,uM,72,4440.5,29663.5,2.74,27710,0.93,Normal,0.95,No Effect
Cell_Line_X,Test_Compound63,0.015,-1.8239087409443189,uM,72,4440.5,29663.5,2.74,29592,1,Normal,1,No Effect
Cell_Line_X,Test_Compound64,0.5,-0.3010299956639812,uM,72,4440.5,29663.5,2.74,21335,0.72,Moderate,0.77,Partial Inhibition
Cell_Line_X,Test_Compound64,0.15,-0.8239087409443188,uM,72,4440.5,29663.5,2.74,25923,0.87,Normal,0.9,No Effect
Cell_Line_X,Test_Compound64,0.047,-1.3279021420642825,uM,72,4440.5,29663.5,2.74,27895,0.94,Normal,0.96,No Effect
Cell_Line_X,Test_Compound64,0.015,-1.8239087409443189,uM,72,4440.5,29663.5,2.74,29721,1,Normal,1,No Effect
Cell_Line_X,Test_Compound65,0.5,-0.3010299956639812,uM,72,4440.5,29663.5,2.74,14710,0.5,Low,0.55,Partial Inhibition
Cell_Line_X,Test_Compound65,0.15,-0.8239087409443188,uM,72,4440.5,29663.5,2.74,16106,0.54,Moderate,0.6,Partial Inhibition
Cell_Line_X,Test_Compound65,0.047,-1.3279021420642825,uM,72,4440.5,29663.5,2.74,16918,0.57,Moderate,0.63,Partial Inhibition
Cell_Line_X,Test_Compound65,0.015,-1.8239087409443189,uM,72,4440.5,29663.5,2.74,22533,0.76,Moderate,0.81,Partial Inhibition
Cell_Line_X,Test_Compound66,0.5,-0.3010299956639812,uM,72,4440.5,29663.5,2.74,27274,0.92,Normal,0.94,No Effect
Cell_Line_X,Test_Compound66,0.15,-0.8239087409443188,uM,72,4440.5,29663.5,2.74,28149,0.95,Normal,0.96,No Effect
Cell_Line_X,Test_Compound66,0.047,-1.3279021420642825,uM,72,4440.5,29663.5,2.74,28550,0.96,Normal,0.97,No Effect
Cell_Line_X,Test_Compound66,0.015,-1.8239087409443189,uM,72,4440.5,29663.5,2.74,30409,1.02,Normal,1.02,No Effect
Cell_Line_X,Test_Compound67,0.5,-0.3010299956639812,uM,72,4440.5,29663.5,2.74,17324,0.58,Moderate,0.64,Partial Inhibition
Cell_Line_X,Test_Compound67,0.15,-0.8239087409443188,uM,72,4440.5,29663.5,2.74,17552,0.59,Moderate,0.65,Partial Inhibition
Cell_Line_X,Test_Compound67,0.047,-1.3279021420642825,uM,72,4440.5,29663.5,2.74,23271,0.78,Moderate,0.83,Partial Inhibition
Cell_Line_X,Test_Compound67,0.015,-1.8239087409443189,uM,72,4440.5,29663.5,2.74,27028,0.91,Normal,0.93,No Effect
Cell_Line_X,Test_Compound68,0.5,-0.3010299956639812,uM,72,4440.5,29663.5,2.74,30347,1.02,Normal,1.02,No Effect
Cell_Line_X,Test_Compound68,0.15,-0.8239087409443188,uM,72,4440.5,29663.5,2.74,29706,1,Normal,1,No Effect
Cell_Line_X,Test_Compound68,0.047,-1.3279021420642825,uM,72,4440.5,29663.5,2.74,29391,0.99,Normal,0.99,No Effect
Cell_Line_X,Test_Compound68,0.015,-1.8239087409443189,uM,72,4440.5,29663.5,2.74,31250,1.05,Normal,1.04,No Effect
Cell_Line_X,Test_Compound69,0.5,-0.3010299956639812,uM,72,4440.5,29663.5,2.74,1032,0.04,Very Low,-0.41,Cytotoxic
Cell_Line_X,Test_Compound69,0.15,-0.8239087409443188,uM,72,4440.5,29663.5,2.74,1098,0.04,Very Low,-0.4,Cytotoxic
Cell_Line_X,Test_Compound69,0.047,-1.3279021420642825,uM,72,4440.5,29663.5,2.74,1132,0.04,Very Low,-0.39,Cytotoxic
Cell_Line_X,Test_Compound69,0.015,-1.8239087409443189,uM,72,4440.5,29663.5,2.74,6814,0.23,Very Low,0.17,Strong Inhibition
Cell_Line_X,Test_Compound70,0.5,-0.3010299956639812,uM,72,4440.5,29663.5,2.74,29835,1.01,Normal,1,No Effect
Cell_Line_X,Test_Compound70,0.15,-0.8239087409443188,uM,72,4440.5,29663.5,2.74,30487,1.03,Normal,1.02,No Effect
Cell_Line_X,Test_Compound70,0.047,-1.3279021420642825,uM,72,4440.5,29663.5,2.74,30237,1.02,Normal,1.01,No Effect
Cell_Line_X,Test_Compound70,0.015,-1.8239087409443189,uM,72,4440.5,29663.5,2.74,30052,1.01,Normal,1.01,No Effect
Cell_Line_Y,Test_Compound01,0.5,-0.3010299956639812,uM,72,3017.5,6829.5,1.18,440,0.06,Very Low,-0.8,Cytotoxic
Cell_Line_Y,Test_Compound01,0.15,-0.8239087409443188,uM,72,3017.5,6829.5,1.18,4030,0.59,Moderate,0.28,Strong Inhibition
Cell_Line_Y,Test_Compound01,0.047,-1.3279021420642825,uM,72,3017.5,6829.5,1.18,7980,1.17,High,1.28,Growth Stimulation
Cell_Line_Y,Test_Compound01,0.015,-1.8239087409443189,uM,72,3017.5,6829.5,1.18,8621,1.26,High,1.44,Growth Stimulation
Cell_Line_Y,Test_Compound02,0.5,-0.3010299956639812,uM,72,3017.5,6829.5,1.18,210,0.03,Very Low,-0.9,Cytotoxic
Cell_Line_Y,Test_Compound02,0.15,-0.8239087409443188,uM,72,3017.5,6829.5,1.18,4502,0.66,Moderate,0.4,Strong Inhibition
Cell_Line_Y,Test_Compound02,0.047,-1.3279021420642825,uM,72,3017.5,6829.5,1.18,7114,1.04,Normal,1.07,No Effect
Cell_Line_Y,Test_Compound02,0.015,-1.8239087409443189,uM,72,3017.5,6829.5,1.18,7928,1.16,High,1.27,Growth Stimulation
Cell_Line_Y,Test_Compound03,0.5,-0.3010299956639812,uM,72,3017.5,6829.5,1.18,3009,0.44,Low,-0,Cytotoxic
Cell_Line_Y,Test_Compound03,0.15,-0.8239087409443188,uM,72,3017.5,6829.5,1.18,3426,0.5,Moderate,0.11,Strong Inhibition
Cell_Line_Y,Test_Compound03,0.047,-1.3279021420642825,uM,72,3017.5,6829.5,1.18,4438,0.65,Moderate,0.39,Strong Inhibition
Cell_Line_Y,Test_Compound03,0.015,-1.8239087409443189,uM,72,3017.5,6829.5,1.18,6614,0.97,Normal,0.95,No Effect
Cell_Line_Y,Test_Compound04,0.5,-0.3010299956639812,uM,72,3017.5,6829.5,1.18,7365,1.08,Normal,1.13,Growth Stimulation
Cell_Line_Y,Test_Compound04,0.15,-0.8239087409443188,uM,72,3017.5,6829.5,1.18,7441,1.09,Normal,1.15,Growth Stimulation
Cell_Line_Y,Test_Compound04,0.047,-1.3279021420642825,uM,72,3017.5,6829.5,1.18,7194,1.05,Normal,1.09,No Effect
Cell_Line_Y,Test_Compound04,0.015,-1.8239087409443189,uM,72,3017.5,6829.5,1.18,7679,1.12,Normal,1.21,Growth Stimulation
Cell_Line_Y,Test_Compound05,0.5,-0.3010299956639812,uM,72,3017.5,6829.5,1.18,368,0.05,Very Low,-0.83,Cytotoxic
Cell_Line_Y,Test_Compound05,0.15,-0.8239087409443188,uM,72,3017.5,6829.5,1.18,3837,0.56,Moderate,0.23,Strong Inhibition
Cell_Line_Y,Test_Compound05,0.047,-1.3279021420642825,uM,72,3017.5,6829.5,1.18,6289,0.92,Normal,0.86,Partial Inhibition
Cell_Line_Y,Test_Compound05,0.015,-1.8239087409443189,uM,72,3017.5,6829.5,1.18,6705,0.98,Normal,0.97,No Effect
Cell_Line_Y,Test_Compound06,0.5,-0.3010299956639812,uM,72,3017.5,6829.5,1.18,324,0.05,Very Low,-0.85,Cytotoxic
Cell_Line_Y,Test_Compound06,0.15,-0.8239087409443188,uM,72,3017.5,6829.5,1.18,176,0.03,Very Low,-0.91,Cytotoxic
Cell_Line_Y,Test_Compound06,0.047,-1.3279021420642825,uM,72,3017.5,6829.5,1.18,233,0.03,Very Low,-0.89,Cytotoxic
Cell_Line_Y,Test_Compound06,0.015,-1.8239087409443189,uM,72,3017.5,6829.5,1.18,314,0.05,Very Low,-0.85,Cytotoxic
Cell_Line_Y,Test_Compound07,0.5,-0.3010299956639812,uM,72,3017.5,6829.5,1.18,604,0.09,Very Low,-0.74,Cytotoxic
Cell_Line_Y,Test_Compound07,0.15,-0.8239087409443188,uM,72,3017.5,6829.5,1.18,2169,0.32,Low,-0.24,Cytotoxic
Cell_Line_Y,Test_Compound07,0.047,-1.3279021420642825,uM,72,3017.5,6829.5,1.18,6922,1.01,Normal,1.02,No Effect
Cell_Line_Y,Test_Compound07,0.015,-1.8239087409443189,uM,72,3017.5,6829.5,1.18,8411,1.23,High,1.39,Growth Stimulation
Cell_Line_Y,Test_Compound08,0.5,-0.3010299956639812,uM,72,3017.5,6829.5,1.18,6118,0.9,Normal,0.82,Partial Inhibition
Cell_Line_Y,Test_Compound08,0.15,-0.8239087409443188,uM,72,3017.5,6829.5,1.18,7248,1.06,Normal,1.1,Growth Stimulation
Cell_Line_Y,Test_Compound08,0.047,-1.3279021420642825,uM,72,3017.5,6829.5,1.18,6950,1.02,Normal,1.03,No Effect
Cell_Line_Y,Test_Compound08,0.015,-1.8239087409443189,uM,72,3017.5,6829.5,1.18,7322,1.07,Normal,1.12,Growth Stimulation
Cell_Line_Y,Test_Compound09,0.5,-0.3010299956639812,uM,72,3017.5,6829.5,1.18,6278,0.92,Normal,0.86,Partial Inhibition
Cell_Line_Y,Test_Compound09,0.15,-0.8239087409443188,uM,72,3017.5,6829.5,1.18,7361,1.08,Normal,1.13,Growth Stimulation
Cell_Line_Y,Test_Compound09,0.047,-1.3279021420642825,uM,72,3017.5,6829.5,1.18,8153,1.19,High,1.32,Growth Stimulation
Cell_Line_Y,Test_Compound09,0.015,-1.8239087409443189,uM,72,3017.5,6829.5,1.18,7827,1.15,Normal,1.25,Growth Stimulation
Cell_Line_Y,Test_Compound10,0.5,-0.3010299956639812,uM,72,3017.5,6829.5,1.18,6602,0.97,Normal,0.94,No Effect
Cell_Line_Y,Test_Compound10,0.15,-0.8239087409443188,uM,72,3017.5,6829.5,1.18,6713,0.98,Normal,0.97,No Effect
Cell_Line_Y,Test_Compound10,0.047,-1.3279021420642825,uM,72,3017.5,6829.5,1.18,7454,1.09,Normal,1.15,Growth Stimulation
Cell_Line_Y,Test_Compound10,0.015,-1.8239087409443189,uM,72,3017.5,6829.5,1.18,6991,1.02,Normal,1.04,No Effect
Cell_Line_Y,Test_Compound11,0.5,-0.3010299956639812,uM,72,3017.5,6829.5,1.18,395,0.06,Very Low,-0.82,Cytotoxic
Cell_Line_Y,Test_Compound11,0.15,-0.8239087409443188,uM,72,3017.5,6829.5,1.18,886,0.13,Very Low,-0.65,Cytotoxic
Cell_Line_Y,Test_Compound11,0.047,-1.3279021420642825,uM,72,3017.5,6829.5,1.18,2105,0.31,Low,-0.26,Cytotoxic
Cell_Line_Y,Test_Compound11,0.015,-1.8239087409443189,uM,72,3017.5,6829.5,1.18,2952,0.43,Low,-0.02,Cytotoxic
Cell_Line_Y,Test_Compound12,0.5,-0.3010299956639812,uM,72,3017.5,6829.5,1.18,293,0.04,Very Low,-0.86,Cytotoxic
Cell_Line_Y,Test_Compound12,0.15,-0.8239087409443188,uM,72,3017.5,6829.5,1.18,47,0.01,Very Low,-0.97,Cytotoxic
Cell_Line_Y,Test_Compound12,0.047,-1.3279021420642825,uM,72,3017.5,6829.5,1.18,203,0.03,Very Low,-0.9,Cytotoxic
Cell_Line_Y,Test_Compound12,0.015,-1.8239087409443189,uM,72,3017.5,6829.5,1.18,635,0.09,Very Low,-0.73,Cytotoxic
Cell_Line_Y,Test_Compound13,0.5,-0.3010299956639812,uM,72,3017.5,6829.5,1.18,6139,0.9,Normal,0.83,Partial Inhibition
Cell_Line_Y,Test_Compound13,0.15,-0.8239087409443188,uM,72,3017.5,6829.5,1.18,7361,1.08,Normal,1.13,Growth Stimulation
Cell_Line_Y,Test_Compound13,0.047,-1.3279021420642825,uM,72,3017.5,6829.5,1.18,7852,1.15,Normal,1.25,Growth Stimulation
Cell_Line_Y,Test_Compound13,0.015,-1.8239087409443189,uM,72,3017.5,6829.5,1.18,8150,1.19,High,1.32,Growth Stimulation
Cell_Line_Y,Test_Compound14,0.5,-0.3010299956639812,uM,72,3017.5,6829.5,1.18,8008,1.17,High,1.29,Growth Stimulation
Cell_Line_Y,Test_Compound14,0.15,-0.8239087409443188,uM,72,3017.5,6829.5,1.18,7947,1.16,High,1.27,Growth Stimulation
Cell_Line_Y,Test_Compound14,0.047,-1.3279021420642825,uM,72,3017.5,6829.5,1.18,7918,1.16,High,1.27,Growth Stimulation
Cell_Line_Y,Test_Compound14,0.015,-1.8239087409443189,uM,72,3017.5,6829.5,1.18,8315,1.22,High,1.36,Growth Stimulation
Cell_Line_Y,Test_Compound15,0.5,-0.3010299956639812,uM,72,3017.5,6829.5,1.18,6098,0.89,Normal,0.82,Partial Inhibition
Cell_Line_Y,Test_Compound15,0.15,-0.8239087409443188,uM,72,3017.5,6829.5,1.18,7534,1.1,Normal,1.17,Growth Stimulation
Cell_Line_Y,Test_Compound15,0.047,-1.3279021420642825,uM,72,3017.5,6829.5,1.18,8442,1.24,High,1.39,Growth Stimulation
Cell_Line_Y,Test_Compound15,0.015,-1.8239087409443189,uM,72,3017.5,6829.5,1.18,8374,1.23,High,1.38,Growth Stimulation
Cell_Line_Y,Test_Compound16,0.5,-0.3010299956639812,uM,72,3017.5,6829.5,1.18,4068,0.6,Moderate,0.29,Strong Inhibition
Cell_Line_Y,Test_Compound16,0.15,-0.8239087409443188,uM,72,3017.5,6829.5,1.18,7004,1.03,Normal,1.04,No Effect
Cell_Line_Y,Test_Compound16,0.047,-1.3279021420642825,uM,72,3017.5,6829.5,1.18,7673,1.12,Normal,1.21,Growth Stimulation
Cell_Line_Y,Test_Compound16,0.015,-1.8239087409443189,uM,72,3017.5,6829.5,1.18,7997,1.17,High,1.29,Growth Stimulation
Cell_Line_Y,Test_Compound17,0.5,-0.3010299956639812,uM,72,3017.5,6829.5,1.18,5775,0.85,Normal,0.74,Partial Inhibition
Cell_Line_Y,Test_Compound17,0.15,-0.8239087409443188,uM,72,3017.5,6829.5,1.18,6929,1.01,Normal,1.02,No Effect
Cell_Line_Y,Test_Compound17,0.047,-1.3279021420642825,uM,72,3017.5,6829.5,1.18,7322,1.07,Normal,1.12,Growth Stimulation
Cell_Line_Y,Test_Compound17,0.015,-1.8239087409443189,uM,72,3017.5,6829.5,1.18,7788,1.14,Normal,1.24,Growth Stimulation
Cell_Line_Y,Test_Compound18,0.5,-0.3010299956639812,uM,72,3017.5,6829.5,1.18,402,0.06,Very Low,-0.82,Cytotoxic
Cell_Line_Y,Test_Compound18,0.15,-0.8239087409443188,uM,72,3017.5,6829.5,1.18,321,0.05,Very Low,-0.85,Cytotoxic
Cell_Line_Y,Test_Compound18,0.047,-1.3279021420642825,uM,72,3017.5,6829.5,1.18,774,0.11,Very Low,-0.69,Cytotoxic
Cell_Line_Y,Test_Compound18,0.015,-1.8239087409443189,uM,72,3017.5,6829.5,1.18,5336,0.78,Moderate,0.62,Partial Inhibition
Cell_Line_Y,Test_Compound19,0.5,-0.3010299956639812,uM,72,3017.5,6829.5,1.18,8162,1.2,High,1.33,Growth Stimulation
Cell_Line_Y,Test_Compound19,0.15,-0.8239087409443188,uM,72,3017.5,6829.5,1.18,8073,1.18,High,1.3,Growth Stimulation
Cell_Line_Y,Test_Compound19,0.047,-1.3279021420642825,uM,72,3017.5,6829.5,1.18,8458,1.24,High,1.4,Growth Stimulation
Cell_Line_Y,Test_Compound19,0.015,-1.8239087409443189,uM,72,3017.5,6829.5,1.18,8177,1.2,High,1.33,Growth Stimulation
Cell_Line_Y,Test_Compound20,0.5,-0.3010299956639812,uM,72,3017.5,6829.5,1.18,552,0.08,Very Low,-0.76,Cytotoxic
Cell_Line_Y,Test_Compound20,0.15,-0.8239087409443188,uM,72,3017.5,6829.5,1.18,5597,0.82,Normal,0.69,Partial Inhibition
Cell_Line_Y,Test_Compound20,0.047,-1.3279021420642825,uM,72,3017.5,6829.5,1.18,8837,1.29,High,1.49,Growth Stimulation
Cell_Line_Y,Test_Compound20,0.015,-1.8239087409443189,uM,72,3017.5,6829.5,1.18,9761,1.43,High,1.71,Growth Stimulation
Cell_Line_Y,Test_Compound21,0.5,-0.3010299956639812,uM,72,3017.5,6829.5,1.18,8495,1.24,High,1.41,Growth Stimulation
Cell_Line_Y,Test_Compound21,0.15,-0.8239087409443188,uM,72,3017.5,6829.5,1.18,8613,1.26,High,1.44,Growth Stimulation
Cell_Line_Y,Test_Compound21,0.047,-1.3279021420642825,uM,72,3017.5,6829.5,1.18,7541,1.1,Normal,1.18,Growth Stimulation
Cell_Line_Y,Test_Compound21,0.015,-1.8239087409443189,uM,72,3017.5,6829.5,1.18,8001,1.17,High,1.29,Growth Stimulation
Cell_Line_Y,Test_Compound22,0.5,-0.3010299956639812,uM,72,3017.5,6829.5,1.18,5273,0.77,Moderate,0.61,Partial Inhibition
Cell_Line_Y,Test_Compound22,0.15,-0.8239087409443188,uM,72,3017.5,6829.5,1.18,5853,0.86,Normal,0.76,Partial Inhibition
Cell_Line_Y,Test_Compound22,0.047,-1.3279021420642825,uM,72,3017.5,6829.5,1.18,6003,0.88,Normal,0.79,Partial Inhibition
Cell_Line_Y,Test_Compound22,0.015,-1.8239087409443189,uM,72,3017.5,6829.5,1.18,6805,1,Normal,0.99,No Effect
Cell_Line_Y,Test_Compound23,0.5,-0.3010299956639812,uM,72,3017.5,6829.5,1.18,7437,1.09,Normal,1.15,Growth Stimulation
Cell_Line_Y,Test_Compound23,0.15,-0.8239087409443188,uM,72,3017.5,6829.5,1.18,7146,1.05,Normal,1.08,No Effect
Cell_Line_Y,Test_Compound23,0.047,-1.3279021420642825,uM,72,3017.5,6829.5,1.18,7319,1.07,Normal,1.12,Growth Stimulation
Cell_Line_Y,Test_Compound23,0.015,-1.8239087409443189,uM,72,3017.5,6829.5,1.18,7059,1.03,Normal,1.06,No Effect
Cell_Line_Y,Test_Compound24,0.5,-0.3010299956639812,uM,72,3017.5,6829.5,1.18,324,0.05,Very Low,-0.85,Cytotoxic
Cell_Line_Y,Test_Compound24,0.15,-0.8239087409443188,uM,72,3017.5,6829.5,1.18,171,0.03,Very Low,-0.91,Cytotoxic
Cell_Line_Y,Test_Compound24,0.047,-1.3279021420642825,uM,72,3017.5,6829.5,1.18,1131,0.17,Very Low,-0.56,Cytotoxic
Cell_Line_Y,Test_Compound24,0.015,-1.8239087409443189,uM,72,3017.5,6829.5,1.18,2486,0.36,Low,-0.15,Cytotoxic
Cell_Line_Y,Test_Compound25,0.5,-0.3010299956639812,uM,72,3017.5,6829.5,1.18,622,0.09,Very Low,-0.74,Cytotoxic
Cell_Line_Y,Test_Compound25,0.15,-0.8239087409443188,uM,72,3017.5,6829.5,1.18,5188,0.76,Moderate,0.58,Partial Inhibition
Cell_Line_Y,Test_Compound25,0.047,-1.3279021420642825,uM,72,3017.5,6829.5,1.18,8187,1.2,High,1.33,Growth Stimulation
Cell_Line_Y,Test_Compound25,0.015,-1.8239087409443189,uM,72,3017.5,6829.5,1.18,7908,1.16,High,1.26,Growth Stimulation
Cell_Line_Y,Test_Compound26,0.5,-0.3010299956639812,uM,72,3017.5,6829.5,1.18,7784,1.14,Normal,1.24,Growth Stimulation
Cell_Line_Y,Test_Compound26,0.15,-0.8239087409443188,uM,72,3017.5,6829.5,1.18,7786,1.14,Normal,1.24,Growth Stimulation
Cell_Line_Y,Test_Compound26,0.047,-1.3279021420642825,uM,72,3017.5,6829.5,1.18,7716,1.13,Normal,1.22,Growth Stimulation
Cell_Line_Y,Test_Compound26,0.015,-1.8239087409443189,uM,72,3017.5,6829.5,1.18,8268,1.21,High,1.35,Growth Stimulation
Cell_Line_Y,Test_Compound27,0.5,-0.3010299956639812,uM,72,3017.5,6829.5,1.18,5083,0.74,Moderate,0.56,Partial Inhibition
Cell_Line_Y,Test_Compound27,0.15,-0.8239087409443188,uM,72,3017.5,6829.5,1.18,6605,0.97,Normal,0.94,No Effect
Cell_Line_Y,Test_Compound27,0.047,-1.3279021420642825,uM,72,3017.5,6829.5,1.18,7124,1.04,Normal,1.07,No Effect
Cell_Line_Y,Test_Compound27,0.015,-1.8239087409443189,uM,72,3017.5,6829.5,1.18,7553,1.11,Normal,1.18,Growth Stimulation
Cell_Line_Y,Test_Compound28,0.5,-0.3010299956639812,uM,72,3017.5,6829.5,1.18,4540,0.66,Moderate,0.41,Strong Inhibition
Cell_Line_Y,Test_Compound28,0.15,-0.8239087409443188,uM,72,3017.5,6829.5,1.18,5687,0.83,Normal,0.71,Partial Inhibition
Cell_Line_Y,Test_Compound28,0.047,-1.3279021420642825,uM,72,3017.5,6829.5,1.18,7619,1.12,Normal,1.2,Growth Stimulation
Cell_Line_Y,Test_Compound28,0.015,-1.8239087409443189,uM,72,3017.5,6829.5,1.18,5432,0.8,Moderate,0.65,Partial Inhibition
Cell_Line_Y,Test_Compound29,0.5,-0.3010299956639812,uM,72,3017.5,6829.5,1.18,5233,0.77,Moderate,0.6,Partial Inhibition
Cell_Line_Y,Test_Compound29,0.15,-0.8239087409443188,uM,72,3017.5,6829.5,1.18,5593,0.82,Normal,0.69,Partial Inhibition
Cell_Line_Y,Test_Compound29,0.047,-1.3279021420642825,uM,72,3017.5,6829.5,1.18,5952,0.87,Normal,0.78,Partial Inhibition
Cell_Line_Y,Test_Compound29,0.015,-1.8239087409443189,uM,72,3017.5,6829.5,1.18,6518,0.95,Normal,0.92,No Effect
Cell_Line_Y,Test_Compound30,0.5,-0.3010299956639812,uM,72,3017.5,6829.5,1.18,6279,0.92,Normal,0.86,Partial Inhibition
Cell_Line_Y,Test_Compound30,0.15,-0.8239087409443188,uM,72,3017.5,6829.5,1.18,7279,1.07,Normal,1.11,Growth Stimulation
Cell_Line_Y,Test_Compound30,0.047,-1.3279021420642825,uM,72,3017.5,6829.5,1.18,7039,1.03,Normal,1.05,No Effect
Cell_Line_Y,Test_Compound30,0.015,-1.8239087409443189,uM,72,3017.5,6829.5,1.18,8554,1.25,High,1.42,Growth Stimulation
Cell_Line_Y,Test_Compound31,0.5,-0.3010299956639812,uM,72,3017.5,6829.5,1.18,3468,0.51,Moderate,0.12,Strong Inhibition
Cell_Line_Y,Test_Compound31,0.15,-0.8239087409443188,uM,72,3017.5,6829.5,1.18,4369,0.64,Moderate,0.37,Strong Inhibition
Cell_Line_Y,Test_Compound31,0.047,-1.3279021420642825,uM,72,3017.5,6829.5,1.18,5293,0.78,Moderate,0.61,Partial Inhibition
Cell_Line_Y,Test_Compound31,0.015,-1.8239087409443189,uM,72,3017.5,6829.5,1.18,7155,1.05,Normal,1.08,No Effect
Cell_Line_Y,Test_Compound32,0.5,-0.3010299956639812,uM,72,3017.5,6829.5,1.18,8257,1.21,High,1.35,Growth Stimulation
Cell_Line_Y,Test_Compound32,0.15,-0.8239087409443188,uM,72,3017.5,6829.5,1.18,8007,1.17,High,1.29,Growth Stimulation
Cell_Line_Y,Test_Compound32,0.047,-1.3279021420642825,uM,72,3017.5,6829.5,1.18,8174,1.2,High,1.33,Growth Stimulation
Cell_Line_Y,Test_Compound32,0.015,-1.8239087409443189,uM,72,3017.5,6829.5,1.18,7889,1.16,High,1.26,Growth Stimulation
Cell_Line_Y,Test_Compound33,0.5,-0.3010299956639812,uM,72,3017.5,6829.5,1.18,243,0.04,Very Low,-0.88,Cytotoxic
Cell_Line_Y,Test_Compound33,0.15,-0.8239087409443188,uM,72,3017.5,6829.5,1.18,439,0.06,Very Low,-0.8,Cytotoxic
Cell_Line_Y,Test_Compound33,0.047,-1.3279021420642825,uM,72,3017.5,6829.5,1.18,2223,0.32,Low,-0.23,Cytotoxic
Cell_Line_Y,Test_Compound33,0.015,-1.8239087409443189,uM,72,3017.5,6829.5,1.18,5129,0.75,Moderate,0.57,Partial Inhibition
Cell_Line_Y,Test_Compound34,0.5,-0.3010299956639812,uM,72,3017.5,6829.5,1.18,758,0.11,Very Low,-0.69,Cytotoxic
Cell_Line_Y,Test_Compound34,0.15,-0.8239087409443188,uM,72,3017.5,6829.5,1.18,5018,0.74,Moderate,0.54,Partial Inhibition
Cell_Line_Y,Test_Compound34,0.047,-1.3279021420642825,uM,72,3017.5,6829.5,1.18,6494,0.95,Normal,0.92,No Effect
Cell_Line_Y,Test_Compound34,0.015,-1.8239087409443189,uM,72,3017.5,6829.5,1.18,7173,1.05,Normal,1.08,No Effect
Cell_Line_Y,Test_Compound35,0.5,-0.3010299956639812,uM,72,3017.5,6829.5,1.18,8244,1.21,High,1.35,Growth Stimulation
Cell_Line_Y,Test_Compound35,0.15,-0.8239087409443188,uM,72,3017.5,6829.5,1.18,8451,1.24,High,1.4,Growth Stimulation
Cell_Line_Y,Test_Compound35,0.047,-1.3279021420642825,uM,72,3017.5,6829.5,1.18,8117,1.19,High,1.32,Growth Stimulation
Cell_Line_Y,Test_Compound35,0.015,-1.8239087409443189,uM,72,3017.5,6829.5,1.18,8346,1.22,High,1.37,Growth Stimulation
Cell_Line_Y,Test_Compound36,0.5,-0.3010299956639812,uM,72,3017.5,6829.5,1.18,162,0.02,Very Low,-0.92,Cytotoxic
Cell_Line_Y,Test_Compound36,0.15,-0.8239087409443188,uM,72,3017.5,6829.5,1.18,249,0.04,Very Low,-0.88,Cytotoxic
Cell_Line_Y,Test_Compound36,0.047,-1.3279021420642825,uM,72,3017.5,6829.5,1.18,2198,0.32,Low,-0.24,Cytotoxic
Cell_Line_Y,Test_Compound36,0.015,-1.8239087409443189,uM,72,3017.5,6829.5,1.18,5501,0.8,Normal,0.66,Partial Inhibition
Cell_Line_Y,Test_Compound37,0.5,-0.3010299956639812,uM,72,3017.5,6829.5,1.18,4228,0.62,Moderate,0.33,Strong Inhibition
Cell_Line_Y,Test_Compound37,0.15,-0.8239087409443188,uM,72,3017.5,6829.5,1.18,5260,0.77,Moderate,0.6,Partial Inhibition
Cell_Line_Y,Test_Compound37,0.047,-1.3279021420642825,uM,72,3017.5,6829.5,1.18,7846,1.15,Normal,1.25,Growth Stimulation
Cell_Line_Y,Test_Compound37,0.015,-1.8239087409443189,uM,72,3017.5,6829.5,1.18,8635,1.26,High,1.44,Growth Stimulation
Cell_Line_Y,Test_Compound38,0.5,-0.3010299956639812,uM,72,3017.5,6829.5,1.18,6876,1.01,Normal,1.01,No Effect
Cell_Line_Y,Test_Compound38,0.15,-0.8239087409443188,uM,72,3017.5,6829.5,1.18,7572,1.11,Normal,1.18,Growth Stimulation
Cell_Line_Y,Test_Compound38,0.047,-1.3279021420642825,uM,72,3017.5,6829.5,1.18,8462,1.24,High,1.4,Growth Stimulation
Cell_Line_Y,Test_Compound38,0.015,-1.8239087409443189,uM,72,3017.5,6829.5,1.18,8565,1.25,High,1.42,Growth Stimulation
Cell_Line_Y,Test_Compound39,0.5,-0.3010299956639812,uM,72,3017.5,6829.5,1.18,6133,0.9,Normal,0.83,Partial Inhibition
Cell_Line_Y,Test_Compound39,0.15,-0.8239087409443188,uM,72,3017.5,6829.5,1.18,7678,1.12,Normal,1.21,Growth Stimulation
Cell_Line_Y,Test_Compound39,0.047,-1.3279021420642825,uM,72,3017.5,6829.5,1.18,8125,1.19,High,1.32,Growth Stimulation
Cell_Line_Y,Test_Compound39,0.015,-1.8239087409443189,uM,72,3017.5,6829.5,1.18,8683,1.27,High,1.45,Growth Stimulation
Cell_Line_Y,Test_Compound40,0.5,-0.3010299956639812,uM,72,3017.5,6829.5,1.18,7587,1.11,Normal,1.19,Growth Stimulation
Cell_Line_Y,Test_Compound40,0.15,-0.8239087409443188,uM,72,3017.5,6829.5,1.18,8158,1.2,High,1.33,Growth Stimulation
Cell_Line_Y,Test_Compound40,0.047,-1.3279021420642825,uM,72,3017.5,6829.5,1.18,8169,1.2,High,1.33,Growth Stimulation
Cell_Line_Y,Test_Compound40,0.015,-1.8239087409443189,uM,72,3017.5,6829.5,1.18,9013,1.32,High,1.53,Growth Stimulation
Cell_Line_Y,Test_Compound41,0.5,-0.3010299956639812,uM,72,3017.5,6829.5,1.18,7582,1.11,Normal,1.19,Growth Stimulation
Cell_Line_Y,Test_Compound41,0.15,-0.8239087409443188,uM,72,3017.5,6829.5,1.18,7831,1.15,Normal,1.25,Growth Stimulation
Cell_Line_Y,Test_Compound41,0.047,-1.3279021420642825,uM,72,3017.5,6829.5,1.18,8356,1.22,High,1.37,Growth Stimulation
Cell_Line_Y,Test_Compound41,0.015,-1.8239087409443189,uM,72,3017.5,6829.5,1.18,7599,1.11,Normal,1.19,Growth Stimulation
Cell_Line_Y,Test_Compound42,0.5,-0.3010299956639812,uM,72,3017.5,6829.5,1.18,6866,1,Normal,1.01,No Effect
Cell_Line_Y,Test_Compound42,0.15,-0.8239087409443188,uM,72,3017.5,6829.5,1.18,6072,0.89,Normal,0.81,Partial Inhibition
Cell_Line_Y,Test_Compound42,0.047,-1.3279021420642825,uM,72,3017.5,6829.5,1.18,5854,0.86,Normal,0.76,Partial Inhibition
Cell_Line_Y,Test_Compound42,0.015,-1.8239087409443189,uM,72,3017.5,6829.5,1.18,6540,0.96,Normal,0.93,No Effect
Cell_Line_Y,Test_Compound43,0.5,-0.3010299956639812,uM,72,3017.5,6829.5,1.18,127,0.02,Very Low,-0.93,Cytotoxic
Cell_Line_Y,Test_Compound43,0.15,-0.8239087409443188,uM,72,3017.5,6829.5,1.18,99,0.01,Very Low,-0.94,Cytotoxic
Cell_Line_Y,Test_Compound43,0.047,-1.3279021420642825,uM,72,3017.5,6829.5,1.18,394,0.06,Very Low,-0.82,Cytotoxic
Cell_Line_Y,Test_Compound43,0.015,-1.8239087409443189,uM,72,3017.5,6829.5,1.18,1706,0.25,Very Low,-0.38,Cytotoxic
Cell_Line_Y,Test_Compound44,0.5,-0.3010299956639812,uM,72,3017.5,6829.5,1.18,2345,0.34,Low,-0.19,Cytotoxic
Cell_Line_Y,Test_Compound44,0.15,-0.8239087409443188,uM,72,3017.5,6829.5,1.18,5635,0.82,Normal,0.7,Partial Inhibition
Cell_Line_Y,Test_Compound44,0.047,-1.3279021420642825,uM,72,3017.5,6829.5,1.18,6845,1,Normal,1,No Effect
Cell_Line_Y,Test_Compound44,0.015,-1.8239087409443189,uM,72,3017.5,6829.5,1.18,7459,1.09,Normal,1.16,Growth Stimulation
Cell_Line_Y,Test_Compound45,0.5,-0.3010299956639812,uM,72,3017.5,6829.5,1.18,2416,0.35,Low,-0.17,Cytotoxic
Cell_Line_Y,Test_Compound45,0.15,-0.8239087409443188,uM,72,3017.5,6829.5,1.18,2330,0.34,Low,-0.2,Cytotoxic
Cell_Line_Y,Test_Compound45,0.047,-1.3279021420642825,uM,72,3017.5,6829.5,1.18,2381,0.35,Low,-0.18,Cytotoxic
Cell_Line_Y,Test_Compound45,0.015,-1.8239087409443189,uM,72,3017.5,6829.5,1.18,2486,0.36,Low,-0.15,Cytotoxic
Cell_Line_Y,Test_Compound46,0.5,-0.3010299956639812,uM,72,3017.5,6829.5,1.18,7067,1.03,Normal,1.06,No Effect
Cell_Line_Y,Test_Compound46,0.15,-0.8239087409443188,uM,72,3017.5,6829.5,1.18,7561,1.11,Normal,1.18,Growth Stimulation
Cell_Line_Y,Test_Compound46,0.047,-1.3279021420642825,uM,72,3017.5,6829.5,1.18,7845,1.15,Normal,1.25,Growth Stimulation
Cell_Line_Y,Test_Compound46,0.015,-1.8239087409443189,uM,72,3017.5,6829.5,1.18,7525,1.1,Normal,1.17,Growth Stimulation
Cell_Line_Y,Test_Compound47,0.5,-0.3010299956639812,uM,72,3017.5,6829.5,1.18,6559,0.96,Normal,0.93,No Effect
Cell_Line_Y,Test_Compound47,0.15,-0.8239087409443188,uM,72,3017.5,6829.5,1.18,7189,1.05,Normal,1.09,No Effect
Cell_Line_Y,Test_Compound47,0.047,-1.3279021420642825,uM,72,3017.5,6829.5,1.18,8368,1.23,High,1.38,Growth Stimulation
Cell_Line_Y,Test_Compound47,0.015,-1.8239087409443189,uM,72,3017.5,6829.5,1.18,8345,1.22,High,1.37,Growth Stimulation
Cell_Line_Y,Test_Compound48,0.5,-0.3010299956639812,uM,72,3017.5,6829.5,1.18,7311,1.07,Normal,1.12,Growth Stimulation
Cell_Line_Y,Test_Compound48,0.15,-0.8239087409443188,uM,72,3017.5,6829.5,1.18,7902,1.16,High,1.26,Growth Stimulation
Cell_Line_Y,Test_Compound48,0.047,-1.3279021420642825,uM,72,3017.5,6829.5,1.18,8869,1.3,High,1.5,Growth Stimulation
Cell_Line_Y,Test_Compound48,0.015,-1.8239087409443189,uM,72,3017.5,6829.5,1.18,9061,1.33,High,1.54,Growth Stimulation
Cell_Line_Y,Test_Compound49,0.5,-0.3010299956639812,uM,72,3017.5,6829.5,1.18,7172,1.05,Normal,1.08,No Effect
Cell_Line_Y,Test_Compound49,0.15,-0.8239087409443188,uM,72,3017.5,6829.5,1.18,6580,0.96,Normal,0.94,No Effect
Cell_Line_Y,Test_Compound49,0.047,-1.3279021420642825,uM,72,3017.5,6829.5,1.18,7383,1.08,Normal,1.14,Growth Stimulation
Cell_Line_Y,Test_Compound49,0.015,-1.8239087409443189,uM,72,3017.5,6829.5,1.18,7641,1.12,Normal,1.2,Growth Stimulation
Cell_Line_Y,Test_Compound50,0.5,-0.3010299956639812,uM,72,3017.5,6829.5,1.18,7416,1.09,Normal,1.15,Growth Stimulation
Cell_Line_Y,Test_Compound50,0.15,-0.8239087409443188,uM,72,3017.5,6829.5,1.18,8359,1.22,High,1.37,Growth Stimulation
Cell_Line_Y,Test_Compound50,0.047,-1.3279021420642825,uM,72,3017.5,6829.5,1.18,8983,1.31,High,1.52,Growth Stimulation
Cell_Line_Y,Test_Compound50,0.015,-1.8239087409443189,uM,72,3017.5,6829.5,1.18,9566,1.4,High,1.66,Growth Stimulation
Cell_Line_Y,Test_Compound51,0.5,-0.3010299956639812,uM,72,3017.5,6829.5,1.18,8759,1.28,High,1.47,Growth Stimulation
Cell_Line_Y,Test_Compound51,0.15,-0.8239087409443188,uM,72,3017.5,6829.5,1.18,8734,1.28,High,1.46,Growth Stimulation
Cell_Line_Y,Test_Compound51,0.047,-1.3279021420642825,uM,72,3017.5,6829.5,1.18,8752,1.28,High,1.47,Growth Stimulation
Cell_Line_Y,Test_Compound51,0.015,-1.8239087409443189,uM,72,3017.5,6829.5,1.18,8204,1.2,High,1.34,Growth Stimulation
Cell_Line_Y,Test_Compound52,0.5,-0.3010299956639812,uM,72,3017.5,6829.5,1.18,2138,0.31,Low,-0.25,Cytotoxic
Cell_Line_Y,Test_Compound52,0.15,-0.8239087409443188,uM,72,3017.5,6829.5,1.18,6380,0.93,Normal,0.89,Partial Inhibition
Cell_Line_Y,Test_Compound52,0.047,-1.3279021420642825,uM,72,3017.5,6829.5,1.18,7242,1.06,Normal,1.1,Growth Stimulation
Cell_Line_Y,Test_Compound52,0.015,-1.8239087409443189,uM,72,3017.5,6829.5,1.18,8104,1.19,High,1.31,Growth Stimulation
Cell_Line_Y,Test_Compound53,0.5,-0.3010299956639812,uM,72,3017.5,6829.5,1.18,7613,1.11,Normal,1.19,Growth Stimulation
Cell_Line_Y,Test_Compound53,0.15,-0.8239087409443188,uM,72,3017.5,6829.5,1.18,7650,1.12,Normal,1.2,Growth Stimulation
Cell_Line_Y,Test_Compound53,0.047,-1.3279021420642825,uM,72,3017.5,6829.5,1.18,7687,1.13,Normal,1.21,Growth Stimulation
Cell_Line_Y,Test_Compound53,0.015,-1.8239087409443189,uM,72,3017.5,6829.5,1.18,7885,1.16,High,1.26,Growth Stimulation
Cell_Line_Y,Test_Compound54,0.5,-0.3010299956639812,uM,72,3017.5,6829.5,1.18,5819,0.85,Normal,0.75,Partial Inhibition
Cell_Line_Y,Test_Compound54,0.15,-0.8239087409443188,uM,72,3017.5,6829.5,1.18,7466,1.09,Normal,1.16,Growth Stimulation
Cell_Line_Y,Test_Compound54,0.047,-1.3279021420642825,uM,72,3017.5,6829.5,1.18,8787,1.29,High,1.48,Growth Stimulation
Cell_Line_Y,Test_Compound54,0.015,-1.8239087409443189,uM,72,3017.5,6829.5,1.18,8634,1.26,High,1.44,Growth Stimulation
Cell_Line_Y,Test_Compound55,0.5,-0.3010299956639812,uM,72,3017.5,6829.5,1.18,244,0.04,Very Low,-0.88,Cytotoxic
Cell_Line_Y,Test_Compound55,0.15,-0.8239087409443188,uM,72,3017.5,6829.5,1.18,277,0.04,Very Low,-0.87,Cytotoxic
Cell_Line_Y,Test_Compound55,0.047,-1.3279021420642825,uM,72,3017.5,6829.5,1.18,322,0.05,Very Low,-0.85,Cytotoxic
Cell_Line_Y,Test_Compound55,0.015,-1.8239087409443189,uM,72,3017.5,6829.5,1.18,638,0.09,Very Low,-0.73,Cytotoxic
Cell_Line_Y,Test_Compound56,0.5,-0.3010299956639812,uM,72,3017.5,6829.5,1.18,384,0.06,Very Low,-0.83,Cytotoxic
Cell_Line_Y,Test_Compound56,0.15,-0.8239087409443188,uM,72,3017.5,6829.5,1.18,315,0.05,Very Low,-0.85,Cytotoxic
Cell_Line_Y,Test_Compound56,0.047,-1.3279021420642825,uM,72,3017.5,6829.5,1.18,731,0.11,Very Low,-0.7,Cytotoxic
Cell_Line_Y,Test_Compound56,0.015,-1.8239087409443189,uM,72,3017.5,6829.5,1.18,3171,0.46,Low,0.04,Strong Inhibition
Cell_Line_Y,Test_Compound57,0.5,-0.3010299956639812,uM,72,3017.5,6829.5,1.18,3990,0.58,Moderate,0.27,Strong Inhibition
Cell_Line_Y,Test_Compound57,0.15,-0.8239087409443188,uM,72,3017.5,6829.5,1.18,4910,0.72,Moderate,0.51,Partial Inhibition
Cell_Line_Y,Test_Compound57,0.047,-1.3279021420642825,uM,72,3017.5,6829.5,1.18,5312,0.78,Moderate,0.62,Partial Inhibition
Cell_Line_Y,Test_Compound57,0.015,-1.8239087409443189,uM,72,3017.5,6829.5,1.18,5845,0.86,Normal,0.75,Partial Inhibition
Cell_Line_Y,Test_Compound58,0.5,-0.3010299956639812,uM,72,3017.5,6829.5,1.18,502,0.07,Very Low,-0.78,Cytotoxic
Cell_Line_Y,Test_Compound58,0.15,-0.8239087409443188,uM,72,3017.5,6829.5,1.18,2761,0.4,Low,-0.07,Cytotoxic
Cell_Line_Y,Test_Compound58,0.047,-1.3279021420642825,uM,72,3017.5,6829.5,1.18,5706,0.84,Normal,0.72,Partial Inhibition
Cell_Line_Y,Test_Compound58,0.015,-1.8239087409443189,uM,72,3017.5,6829.5,1.18,7748,1.13,Normal,1.23,Growth Stimulation
Cell_Line_Y,Test_Compound59,0.5,-0.3010299956639812,uM,72,3017.5,6829.5,1.18,7919,1.16,High,1.27,Growth Stimulation
Cell_Line_Y,Test_Compound59,0.15,-0.8239087409443188,uM,72,3017.5,6829.5,1.18,8599,1.26,High,1.43,Growth Stimulation
Cell_Line_Y,Test_Compound59,0.047,-1.3279021420642825,uM,72,3017.5,6829.5,1.18,8523,1.25,High,1.41,Growth Stimulation
Cell_Line_Y,Test_Compound59,0.015,-1.8239087409443189,uM,72,3017.5,6829.5,1.18,8564,1.25,High,1.42,Growth Stimulation
Cell_Line_Y,Test_Compound60,0.5,-0.3010299956639812,uM,72,3017.5,6829.5,1.18,2973,0.44,Low,-0.01,Cytotoxic
Cell_Line_Y,Test_Compound60,0.15,-0.8239087409443188,uM,72,3017.5,6829.5,1.18,4359,0.64,Moderate,0.37,Strong Inhibition
Cell_Line_Y,Test_Compound60,0.047,-1.3279021420642825,uM,72,3017.5,6829.5,1.18,5028,0.74,Moderate,0.54,Partial Inhibition
Cell_Line_Y,Test_Compound60,0.015,-1.8239087409443189,uM,72,3017.5,6829.5,1.18,5449,0.8,Moderate,0.65,Partial Inhibition
Cell_Line_Y,Test_Compound61,0.5,-0.3010299956639812,uM,72,3017.5,6829.5,1.18,8580,1.26,High,1.43,Growth Stimulation
Cell_Line_Y,Test_Compound61,0.15,-0.8239087409443188,uM,72,3017.5,6829.5,1.18,7937,1.16,High,1.27,Growth Stimulation
Cell_Line_Y,Test_Compound61,0.047,-1.3279021420642825,uM,72,3017.5,6829.5,1.18,7044,1.03,Normal,1.05,No Effect
Cell_Line_Y,Test_Compound61,0.015,-1.8239087409443189,uM,72,3017.5,6829.5,1.18,7060,1.03,Normal,1.06,No Effect
Cell_Line_Y,Test_Compound62,0.5,-0.3010299956639812,uM,72,3017.5,6829.5,1.18,7888,1.16,High,1.26,Growth Stimulation
Cell_Line_Y,Test_Compound62,0.15,-0.8239087409443188,uM,72,3017.5,6829.5,1.18,7422,1.09,Normal,1.15,Growth Stimulation
Cell_Line_Y,Test_Compound62,0.047,-1.3279021420642825,uM,72,3017.5,6829.5,1.18,7482,1.1,Normal,1.16,Growth Stimulation
Cell_Line_Y,Test_Compound62,0.015,-1.8239087409443189,uM,72,3017.5,6829.5,1.18,7421,1.09,Normal,1.15,Growth Stimulation
Cell_Line_Y,Test_Compound63,0.5,-0.3010299956639812,uM,72,3017.5,6829.5,1.18,6527,0.96,Normal,0.92,No Effect
Cell_Line_Y,Test_Compound63,0.15,-0.8239087409443188,uM,72,3017.5,6829.5,1.18,8059,1.18,High,1.3,Growth Stimulation
Cell_Line_Y,Test_Compound63,0.047,-1.3279021420642825,uM,72,3017.5,6829.5,1.18,7039,1.03,Normal,1.05,No Effect
Cell_Line_Y,Test_Compound63,0.015,-1.8239087409443189,uM,72,3017.5,6829.5,1.18,7084,1.04,Normal,1.06,No Effect
Cell_Line_Y,Test_Compound64,0.5,-0.3010299956639812,uM,72,3017.5,6829.5,1.18,5250,0.77,Moderate,0.6,Partial Inhibition
Cell_Line_Y,Test_Compound64,0.15,-0.8239087409443188,uM,72,3017.5,6829.5,1.18,6362,0.93,Normal,0.88,Partial Inhibition
Cell_Line_Y,Test_Compound64,0.047,-1.3279021420642825,uM,72,3017.5,6829.5,1.18,7617,1.11,Normal,1.19,Growth Stimulation
Cell_Line_Y,Test_Compound64,0.015,-1.8239087409443189,uM,72,3017.5,6829.5,1.18,7971,1.17,High,1.28,Growth Stimulation
Cell_Line_Y,Test_Compound65,0.5,-0.3010299956639812,uM,72,3017.5,6829.5,1.18,4212,0.62,Moderate,0.33,Strong Inhibition
Cell_Line_Y,Test_Compound65,0.15,-0.8239087409443188,uM,72,3017.5,6829.5,1.18,3888,0.57,Moderate,0.24,Strong Inhibition
Cell_Line_Y,Test_Compound65,0.047,-1.3279021420642825,uM,72,3017.5,6829.5,1.18,4539,0.66,Moderate,0.41,Strong Inhibition
Cell_Line_Y,Test_Compound65,0.015,-1.8239087409443189,uM,72,3017.5,6829.5,1.18,5549,0.81,Normal,0.68,Partial Inhibition
Cell_Line_Y,Test_Compound66,0.5,-0.3010299956639812,uM,72,3017.5,6829.5,1.18,6682,0.98,Normal,0.96,No Effect
Cell_Line_Y,Test_Compound66,0.15,-0.8239087409443188,uM,72,3017.5,6829.5,1.18,7270,1.06,Normal,1.11,Growth Stimulation
Cell_Line_Y,Test_Compound66,0.047,-1.3279021420642825,uM,72,3017.5,6829.5,1.18,7712,1.13,Normal,1.22,Growth Stimulation
Cell_Line_Y,Test_Compound66,0.015,-1.8239087409443189,uM,72,3017.5,6829.5,1.18,7637,1.12,Normal,1.2,Growth Stimulation
Cell_Line_Y,Test_Compound67,0.5,-0.3010299956639812,uM,72,3017.5,6829.5,1.18,3282,0.48,Low,0.07,Strong Inhibition
Cell_Line_Y,Test_Compound67,0.15,-0.8239087409443188,uM,72,3017.5,6829.5,1.18,3369,0.49,Low,0.1,Strong Inhibition
Cell_Line_Y,Test_Compound67,0.047,-1.3279021420642825,uM,72,3017.5,6829.5,1.18,4654,0.68,Moderate,0.44,Strong Inhibition
Cell_Line_Y,Test_Compound67,0.015,-1.8239087409443189,uM,72,3017.5,6829.5,1.18,6455,0.94,Normal,0.91,No Effect
Cell_Line_Y,Test_Compound68,0.5,-0.3010299956639812,uM,72,3017.5,6829.5,1.18,8055,1.18,High,1.3,Growth Stimulation
Cell_Line_Y,Test_Compound68,0.15,-0.8239087409443188,uM,72,3017.5,6829.5,1.18,7755,1.14,Normal,1.23,Growth Stimulation
Cell_Line_Y,Test_Compound68,0.047,-1.3279021420642825,uM,72,3017.5,6829.5,1.18,6970,1.02,Normal,1.03,No Effect
Cell_Line_Y,Test_Compound68,0.015,-1.8239087409443189,uM,72,3017.5,6829.5,1.18,8663,1.27,High,1.45,Growth Stimulation
Cell_Line_Y,Test_Compound69,0.5,-0.3010299956639812,uM,72,3017.5,6829.5,1.18,364,0.05,Very Low,-0.83,Cytotoxic
Cell_Line_Y,Test_Compound69,0.15,-0.8239087409443188,uM,72,3017.5,6829.5,1.18,473,0.07,Very Low,-0.79,Cytotoxic
Cell_Line_Y,Test_Compound69,0.047,-1.3279021420642825,uM,72,3017.5,6829.5,1.18,512,0.07,Very Low,-0.78,Cytotoxic
Cell_Line_Y,Test_Compound69,0.015,-1.8239087409443189,uM,72,3017.5,6829.5,1.18,1868,0.27,Very Low,-0.33,Cytotoxic
Cell_Line_Y,Test_Compound70,0.5,-0.3010299956639812,uM,72,3017.5,6829.5,1.18,7670,1.12,Normal,1.21,Growth Stimulation
Cell_Line_Y,Test_Compound70,0.15,-0.8239087409443188,uM,72,3017.5,6829.5,1.18,7310,1.07,Normal,1.12,Growth Stimulation
Cell_Line_Y,Test_Compound70,0.047,-1.3279021420642825,uM,72,3017.5,6829.5,1.18,7926,1.16,High,1.27,Growth Stimulation
Cell_Line_Y,Test_Compound70,0.015,-1.8239087409443189,uM,72,3017.5,6829.5,1.18,7789,1.14,Normal,1.24,Growth Stimulation
